<UniversalInterchange xmlns="http://www.cargowise.com/Schemas/Universal/2011/11">
  <Header>
    <SenderID>YourMiddleware</SenderID>
    <RecipientID>YourCW1</RecipientID>
  </Header>
  <Body>
    <UniversalEvent xmlns="http://www.cargowise.com/Schemas/Universal/2011/11" version="1.1">
      <Event>
        <DataContext>
          <DataTargetCollection>
            <DataTarget>
              <Type>ForwardingShipment</Type>
              <Key>S00001000</Key>
            </DataTarget>
          </DataTargetCollection>

          <Company>
            <Code>DAU</Code>
            <Name>AU Demo Company</Name>
          </Company>
          <DataProvider>YourMiddleWareAuthorityService</DataProvider>
          <EnterpriseID>WTG</EnterpriseID>
          <EventType>
            <Code>ATH</Code>
            <Description>Action Authorised</Description>
          </EventType>
          <ServerID>CWI</ServerID>
          <TriggerDate>2016-05-17T15:44:00</TriggerDate>
          <TriggerDescription>My Test Trigger</TriggerDescription>
          <TriggerType>Trigger</TriggerType>
        </DataContext>

        <EventTime>2011-05-17T13:39:54.927</EventTime>
        <EventType>ATH</EventType>
        <CreatedTime>2016-05-17T03:39:58.203</CreatedTime>
        <IsEstimate>false</IsEstimate>

        <ContextCollection>
          <Context>
            <Type>HAWBNumber</Type>
            <Value>HBX10013234</Value>
          </Context>
          <Context>
            <Type>HAWBOriginIATAAirportCode</Type>
            <Value>BNE</Value>
          </Context>
          <Context>
            <Type>HAWBDestinationIATAAirportCode</Type>
            <Value>HAM</Value>
          </Context>
        </ContextCollection>
      </Event>
    </UniversalEvent>
  </Body>
</UniversalInterchange>